4701708116574455,"{'sender': {'id': '4701708116574455'}, 'recipient': {'id': '100902955734383'}, 'timestamp': 1635783679162, 'message': {'mid': 'm_8bBIgVl5n-XryFfV9SVCmATbLlwRQPI_yRVcOwSV3s3ecUAdNHAWV5VB9nSbLZTBsp9y7vq3Oql-KGJqdlWoPQ', 'text': '删除命令@617f98f924c6d3b6c7029f7f'}}"
4701708116574455,"{'sender': {'id': '4701708116574455'}, 'recipient': {'id': '100902955734383'}, 'timestamp': 1635784958584, 'message': {'mid': 'm_fDaoXGCrVM2WZ4dx5VNeJATbLlwRQPI_yRVcOwSV3s2iEoE7h_8o05ffP9nHbk5Bmgtkk0DVAc-fbQIOVwl7Tw', 'text': '查账'}}"
4701708116574455,"{'sender': {'id': '4701708116574455'}, 'recipient': {'id': '100902955734383'}, 'timestamp': 1635785003385, 'message': {'mid': 'm_YBKTGz6MB6D8RLfwoyzr-ATbLlwRQPI_yRVcOwSV3s21qMLViGpuDRn5ccsjJVQ3feiN9uPkZjnN7NNjMh7B5w', 'text': '查账'}}"
4701708116574455,"{'sender': {'id': '4701708116574455'}, 'recipient': {'id': '100902955734383'}, 'timestamp': 1635785073180, 'message': {'mid': 'm_d2KcUeER_UrVN0GsRkeOEATbLlwRQPI_yRVcOwSV3s2mp8aitobB-Ba_EvSJ36N5AHNkTFST1B5zKYKkhmwvhg', 'text': '查账'}}"
4701708116574455,"{'sender': {'id': '4701708116574455'}, 'recipient': {'id': '100902955734383'}, 'timestamp': 1635785136731, 'message': {'mid': 'm_Akn4xRpKyyel57XTOxYvBwTbLlwRQPI_yRVcOwSV3s3dhY_PPcJ0ir3WTjPIpJYy8S-Qq0bJ7aF5JS-aibi33g', 'text': '查账'}}"
4701708116574455,"{'sender': {'id': '4701708116574455'}, 'recipient': {'id': '100902955734383'}, 'timestamp': 1635785217188, 'message': {'mid': 'm_nOO0cZdaLXm0RrCjeOJsMATbLlwRQPI_yRVcOwSV3s3_VN0tdc-DljxIRVZOCtmJNEhZyi6ECQuge_1WyeSuTQ', 'text': '查账'}}"
4701708116574455,"{'sender': {'id': '4701708116574455'}, 'recipient': {'id': '100902955734383'}, 'timestamp': 1635785338309, 'message': {'mid': 'm_X-sbqbRNKqrGm3t954eQogTbLlwRQPI_yRVcOwSV3s1eu_bEKro4D_gInkKqx9niuiv1hblvNdHQzqbM7Ugrqg', 'text': '查账'}}"
4701708116574455,"{'sender': {'id': '4701708116574455'}, 'recipient': {'id': '100902955734383'}, 'timestamp': 1635785454285, 'message': {'mid': 'm__-918GzNTLyaF4c03W0ABgTbLlwRQPI_yRVcOwSV3s3TbxsszD7v3CMXzrHftrZPPk_4ufVCYmsiylO6LyRwiA', 'text': '查账'}}"
4701708116574455,"{'sender': {'id': '4701708116574455'}, 'recipient': {'id': '100902955734383'}, 'timestamp': 1635785477966, 'message': {'mid': 'm_tbWJStU4GKZKAD8f8r7aHwTbLlwRQPI_yRVcOwSV3s0HZZTLnxVl_fR6K-eQIz0v2Hk97ZJ1xzLqjPiDK7gFXg', 'text': '查账'}}"
4701708116574455,"{'sender': {'id': '4701708116574455'}, 'recipient': {'id': '100902955734383'}, 'timestamp': 1635785549571, 'message': {'mid': 'm_P5BtkxsYPlm_Wy6Dx0HhEgTbLlwRQPI_yRVcOwSV3s2o_Cu1tDDAFKsEU3a4R_MVD5vLBeFj71pOi1RNK5ulbA', 'text': '查账'}}"
4701708116574455,"{'sender': {'id': '4701708116574455'}, 'recipient': {'id': '100902955734383'}, 'timestamp': 1635785574814, 'message': {'mid': 'm_iMH2zPQVvbWrZI9N45MBYwTbLlwRQPI_yRVcOwSV3s2lrTN4HbrLsyXBoENdJ4pki3ZLl327gXsUlfXINaQCMw', 'text': '查账'}}"
4701708116574455,"{'sender': {'id': '4701708116574455'}, 'recipient': {'id': '100902955734383'}, 'timestamp': 1635785601524, 'message': {'mid': 'm_VYTci98uYhjs7vtXMKRD0ATbLlwRQPI_yRVcOwSV3s02FfanRg0nlcBtTzfBLIWIld-24A2YN1MGyvhdL0Ra3A', 'text': '查下昨天的账单'}}"
4701708116574455,"{'sender': {'id': '4701708116574455'}, 'recipient': {'id': '100902955734383'}, 'timestamp': 1635785649214, 'message': {'mid': 'm_R12w0ddt1JfSt2IMGlHBmgTbLlwRQPI_yRVcOwSV3s1_IVMk2cFF4AOMDI9pQGcIQBTOkBr3_3VZvOBdQkcgTg', 'text': '查账'}}"
4701708116574455,"{'sender': {'id': '4701708116574455'}, 'recipient': {'id': '100902955734383'}, 'timestamp': 1635785738771, 'message': {'mid': 'm_bZag_2TMfNhUCgZqI9jTlATbLlwRQPI_yRVcOwSV3s24lDSez3rgkUAon2Fltz_MiEpNTt8gXd8lSLK6bPIjwA', 'text': '查询'}}"
4701708116574455,"{'sender': {'id': '4701708116574455'}, 'recipient': {'id': '100902955734383'}, 'timestamp': 1635785760293, 'message': {'mid': 'm_zZ_PzDqhHxATqYdEX1cwHwTbLlwRQPI_yRVcOwSV3s1-ONnU3dTj2eJl_gSa1whhftdyD9jkc2u3u_KLnLJpUQ', 'text': '查询'}}"
